{
  "gpt-4o-mini": {
    "Joker": {
      "times": [
        5.779912948608398,
        5.358520030975342,
        4.548538446426392,
        10.855214595794678,
        5.710757493972778,
        4.2477171421051025,
        8.685656785964966,
        5.706685304641724,
        3.1321239471435547,
        3.4175169467926025,
        6.758460521697998,
        5.305542945861816,
        4.515519142150879,
        4.711692571640015,
        2.963273048400879,
        7.9699578285217285,
        2.7193069458007812,
        16.002487659454346,
        38.0946946144104,
        43.97002363204956
      ],
      "avg": 9.522680127620697,
      "calls": 20,
      "avg_length": 1024.1
    },
    "Meeting Summary": {
      "times": [
        8.30285096168518,
        2.7745540142059326,
        4.20065450668335,
        3.1034538745880127,
        0.0010883808135986328,
        3.7321836948394775,
        8.584611892700195,
        5.864125728607178,
        6.432232856750488,
        9.50193166732788,
        12.286625862121582,
        5.950323581695557,
        20.499663829803467,
        14.036179065704346,
        3.066157102584839,
        3.2581586837768555,
        3.1041347980499268,
        1.7396759986877441,
        2.976027250289917,
        7.876335382461548,
        2.526466131210327,
        4.316582202911377,
        4.316582202911377,
        2.4741733074188232,
        2.4741733074188232,
        5.90692663192749,
        5.90692663192749,
        11.348647117614746,
        11.348647117614746,
        4.254996299743652,
        4.254996299743652,
        5.432436943054199,
        5.432436943054199,
        7.944787502288818,
        7.944787502288818
      ],
      "avg": 6.090701007843018,
      "calls": 35,
      "avg_length": 1664.6285714285714
    },
    "Little Finger": {
      "times": [
        7.609070062637329,
        9.975755214691162,
        16.4357590675354,
        3.0796451568603516
      ],
      "avg": 9.27505737543106,
      "calls": 4,
      "avg_length": 1872.25
    },
    "*Full Analysis": {
      "times": [
        6.105669975280762,
        9.379158020019531,
        12.74816346168518,
        8.180912971496582,
        1.942791223526001,
        17.129064321517944,
        8.546286344528198,
        8.378183364868164,
        8.232882738113403,
        10.609597206115723,
        12.744881629943848,
        7.127393960952759,
        10.975492477416992,
        6.236485481262207,
        12.278935670852661,
        11.244917392730713,
        9.28998875617981,
        9.202829599380493,
        14.552604913711548,
        7.51073431968689,
        14.93580174446106,
        13.30306339263916,
        11.273161888122559,
        38.911579608917236,
        8.25003981590271,
        8.764423608779907,
        6.046428442001343,
        45.43347430229187,
        6.014224290847778,
        6.313469171524048,
        6.189463138580322,
        6.189463138580322,
        7.453966379165649,
        7.453966379165649,
        6.633195638656616,
        6.633195638656616,
        16.907407760620117,
        16.907407760620117,
        6.653064250946045,
        6.653064250946045,
        8.861124038696289,
        8.861124038696289,
        9.661907196044922,
        9.661907196044922,
        9.796722888946533,
        9.796722888946533,
        11.283822536468506,
        11.283822536468506,
        9.73774242401123,
        9.73774242401123,
        9.65514349937439,
        9.65514349937439,
        8.137545585632324,
        8.137545585632324,
        7.1508119106292725,
        7.1508119106292725,
        9.03409481048584,
        9.03409481048584,
        16.48103904724121,
        16.48103904724121,
        9.723926544189453,
        9.723926544189453,
        9.681276559829712,
        9.681276559829712,
        11.431902170181274,
        11.431902170181274,
        7.9041407108306885,
        7.9041407108306885,
        14.901352405548096,
        14.901352405548096,
        7.058871507644653,
        7.058871507644653,
        7.857801675796509,
        7.857801675796509,
        5.361910581588745,
        5.361910581588745,
        7.337865591049194,
        7.337865591049194,
        6.547157526016235,
        6.547157526016235,
        7.389667987823486,
        7.389667987823486,
        4.388653516769409,
        4.388653516769409,
        8.858919620513916,
        8.858919620513916,
        10.236580610275269,
        10.236580610275269,
        10.09105634689331,
        10.09105634689331,
        8.728094577789307,
        8.728094577789307,
        7.626494884490967,
        7.626494884490967,
        8.0435209274292,
        8.0435209274292,
        8.43216347694397,
        8.43216347694397,
        26.157575845718384,
        26.157575845718384
      ],
      "avg": 10.144383470610817,
      "calls": 135,
      "avg_length": 3503.8
    },
    "Full Analysis Structured": {
      "times": [
        10.272821187973022,
        13.261868953704834,
        19.953022718429565,
        17.30976104736328,
        38.531710147857666,
        431.18864393234253,
        11.766474485397339,
        11.766474485397339,
        10.177450895309448,
        10.177450895309448,
        3.7920308113098145,
        3.7920308113098145
      ],
      "avg": 48.49914503097534,
      "calls": 12,
      "avg_length": 3169.25
    },
    "Everything": {
      "times": [
        4.607270240783691
      ],
      "avg": 4.607270240783691,
      "calls": 1,
      "avg_length": 1489.0
    },
    "Good Questions": {
      "times": [
        8.80107069015503,
        5.1539306640625,
        3.5715279579162598,
        3.2580065727233887,
        6.481126070022583,
        6.685334920883179,
        4.038830757141113,
        9.234639644622803,
        6.084551572799683,
        14.30470085144043,
        6.7419753074646,
        7.637901067733765,
        7.920806646347046,
        8.57433557510376,
        1.758934736251831,
        5.433248996734619,
        3.2903599739074707,
        2.469849109649658,
        4.943893909454346,
        3.195010185241699,
        3.0541043281555176,
        14.888829946517944,
        3.260237216949463,
        3.22245454788208,
        4.09039568901062,
        3.8116049766540527,
        1.5930249691009521,
        2.113537311553955,
        3.132786750793457,
        3.584075689315796,
        3.5922329425811768,
        3.5922329425811768,
        4.679395437240601,
        4.679395437240601,
        11.180745840072632,
        11.180745840072632,
        63.44324350357056,
        63.44324350357056
      ],
      "avg": 8.634797949539987,
      "calls": 38,
      "avg_length": 1481.342105263158
    },
    "Debug 2": {
      "times": [
        2.3600077629089355,
        8.230309963226318,
        7.81118631362915
      ],
      "avg": 6.133834679921468,
      "calls": 3,
      "avg_length": 1567.3333333333333
    },
    "Debug 3": {
      "times": [
        5.364310026168823,
        3.599026918411255,
        7.137577295303345
      ],
      "avg": 5.366971413294475,
      "calls": 3,
      "avg_length": 1722.3333333333333
    },
    "Debug": {
      "times": [
        7.569283962249756,
        37.3747673034668,
        4.3631813526153564,
        5.312227487564087,
        10.625001907348633,
        10.625001907348633
      ],
      "avg": 12.64491065343221,
      "calls": 6,
      "avg_length": 2854.8333333333335
    },